[
    {
        "name": "Evergreen Cocoa Roasters",
        "address": "101 Grove Ave, Cleghorn TX",
        "phone": "+1 (555) 200-1101",
        "website": "https://evergreencocoa.com",
        "image": "https://picsum.photos/100/100?id=1",
        "level": 3
    },
    {
        "name": "Pioneer Bank & Trust",
        "address": "22 Main St, Cleghorn TX",
        "phone": "+1 (555) 200-1102",
        "website": "https://pioneerbank.com",
        "image": "https://picsum.photos/100/100?id=2",
        "level": 2
    },
    {
        "name": "River Tech Solutions",
        "address": "9 Innovation Way, Cleghorn TX",
        "phone": "+1 (555) 200-1103",
        "website": "https://rivertech.com",
        "image": "https://picsum.photos/100/100?id=3",
        "level": 3
    },
    {
        "name": "Sunrise Fitness",
        "address": "700 Park Blvd, Cleghorn TX",
        "phone": "+1 (555) 200-1104",
        "website": "https://sunrisefit.com",
        "image": "https://picsum.photos/100/100?id=4",
        "level": 1
    },
    {
        "name": "Valley Hardware",
        "address": "55 Tools Ln, Cleghorn TX",
        "phone": "+1 (555) 200-1105",
        "website": "https://valleyhardware.com",
        "image": "https://picsum.photos/100/100?id=5",
        "level": 2
    },
    {
        "name": "Blue Sky Realty",
        "address": "300 River Rd, Cleghorn TX",
        "phone": "+1 (555) 200-1106",
        "website": "https://blueskyrealty.com",
        "image": "https://picsum.photos/100/100?id=6",
        "level": 1
    },
    {
        "name": "Fresh Fields Market",
        "address": "88 Market Sq, Cleghorn TX",
        "phone": "+1 (555) 200-1107",
        "website": "https://freshfields.com",
        "image": "https://picsum.photos/100/100?id=7",
        "level": 3
    }
]